{
  "greeting": "Hi",
  "name": "Meenu and Anoop",
  "greetingText": "",
  "wishText": "Happy Anniversary to one of the most amazing couples",
  "imagePath": "img/lydia2.png",
  "text1": "It's your Wedding Anniversary!!! :D",
  "textInChatBox": "Happy Wedding Anniversary to both of you!! Yeee! Many many happy blah...",
  "sendButtonLabel": "Send",
  "text2": "That's what I was going to do.",
  "text3": "But then I stopped.",
  "text4": "I realised, I wanted to do something",
  "text4Adjective": "special",
  "text5Entry": "Because,",
  "text5Content": "You guyzz are Special",
  "smiley": ":)",
  "bigTextPart1": "S",
  "bigTextPart2": "O",
  "wishHeading1": "Happy Weddinng Anniversary",
  "outroText": "Okay, now come back and tell me if you liked it.",
  "replayText": "Or click, if you want to watch it again.",
  "outroSmiley": ":)"
}
